AACTS-BA,Actuarial Science
AACTS-BS,Actuarial Science
AACTS-MAJ,Actuarial Science
AACTS-MIN,Actuarial Science
AAEN-MIN,Agricultural Economics
ABIOC-BS,Biochemistry
ABIOC-MAJ,Biochemistry
ABIOC-MIN,Biochemistry
ABSE-GMAJ,Agricultural & Biological Systems Engineering
ABSE-GMIN,Agricultural & Biological Systems Engineering
ABSE-MS,Agricultural & Biological Systems Engineering
ABUS-B1AB,Agribusiness
ABUS-MIN,Agribusiness
ACCG-BSBA,Accounting
ACCG-MAJ,Accounting
ACCG-MIN,Accounting
ACCT-GMIN,Accountancy
ACCT-MPAC,Accountancy
ACTS-BSBA,Actuarial Science
ACTS-GMAJ,Actuarial Science
ACTS-GMIN,Actuarial Science
ACTS-MAJ,Actuarial Science
ACTS-MS,Actuarial Science
ADPR-BJ,Advertising and Public Relations
ADPR-MAJ,Advertising and Public Relations
AECN-B1AE,Agricultural Economics
AECN-GMAJ,Agricultural Economics
AECN-GMIN,Agricultural Economics
AECN-MIN,Agricultural Economics
AECN-MS,Agricultural Economics
AECN-MS2,Agricultural Economics
AECN-PHD,Agricultural Economics
AECON-BA,Economics
AECON-BS,Economics
AECON-MAJ,Economics
AECON-MIN,Economics
AEDU-B1ED,Agricultural Education
AENG-BSAE,Agricultural Engineering
AENS-MIN,Environmental Studies
AENVR-BA,Environmental Studies
AENVR-BS,Environmental Studies
AENVR-MAJ,Environmental Studies
AERO-MIN,Aerospace Studies
AESC-B1SC,Agricultural and Environmental Sciences Communication
AF001-MAJ,Mathematics
AF002-MAJ,Film Studies
AF003-MAJ,Economics
AF004-MAJ,English
AF005-MAJ,Spanish
AF006-MAJ,French
AF007-MAJ,German
AF008-MAJ,History
AF009-MAJ,Philosophy
AF010-MAJ,Political Science
AF011-MAJ,Psychology
AF012-MAJ,Communication Studies
AF014-MAJ,Biological Sciences
AF015-MAJ,Classics
AF016-MAJ,Chemistry
AF017-MAJ,Classics and Religious Studies
AF018-MAJ,Sociology
AF019-MAJ,Speech-Language Pathology & Audiology
AF020-MAJ,Anthropology
AF021-MAJ,Geography
AF022-MAJ,Great Plains Studies Program
AF023-MAJ,Women's & Gender Studies
AF024-MAJ,Environmental Studies
AF025-MAJ,Geology
AF026-MAJ,Global Studies
AF027-MAJ,Medieval and Renaissance Studies
AF028-MAJ,Actuarial Science
AFRI-MIN,African American Studies
AFRS-MIN,African Studies
AGER-MIN,Gerontology
AGRI-MAJ,General Agriculture
AGRI-MIN,General Agriculture
AGRO-B1AG,Agronomy
AGRO-GMAJ,Agronomy
AGRO-GMIN,Agronomy
AGRO-MIN,Agronomy
AGRO-MS,Agronomy
AGRO-PHD,Agronomy and Horticulture
AHCR-BA,Art History and Criticism
AHCR-MAJ,Art History and Criticism
AHCR-MIN,Art History and Criticism
AHRT-GCER,Advanced Horticulture
AINA-MIN,International Affairs
AJ001-MAJ,Mathematics
AJ002-MAJ,Film Studies
AJ003-MAJ,Economics
AJ004-MAJ,English
AJ005-MAJ,Spanish
AJ006-MAJ,French
AJ007-MAJ,German
AJ008-MAJ,History
AJ009-MAJ,Philosophy
AJ010-MAJ,Political Science
AJ011-MAJ,Psychology
AJ012-MAJ,Communication Studies
AJ014-MAJ,Biological Sciences
AJ015-MAJ,Classics
AJ016-MAJ,Chemistry
AJ017-MAJ,Classics and Religious Studies
AJ018-MAJ,Sociology
AJ019-MAJ,Speech-Language Pathology & Audiology
AJ020-MAJ,Anthropology
AJ021-MAJ,Geography
AJ022-MAJ,Great Plains Studies Program
AJ023-MAJ,Women's & Gender Studies
AJ024-MAJ,Geology
AJ025-MAJ,Ethnic Studies
AJ026-MAJ,Global Studies
AJ027-MAJ,Computer Science
AJBU-MIN,Business
AJRN-B1AJ,Agricultural Journalism
AMER-MIN,American Indian Studies
ANTH-BA,Anthropology
ANTH-BS,Anthropology
ANTH-GMAJ,Anthropology
ANTH-GMIN,Anthropology
ANTH-MA,Anthropology
ANTH-MAJ,Anthropology
ANTH-MIN,Anthropology
APCS-B1AC,Applied Climate Science
APCS-MIN,Applied Climate Science
APSC-B1AP,Applied Science
APSC-MAS,Applied Science
APSC-MIN,Applied Science
ARAB-MIN,Arabic
ARCH-GMAJ,Architecture
ARCH-GMIN,Architecture
ARCH-MARC,Architecture
ARCH-MS,Architecture
ARCO-MIN,Archaeology
ARCS-BSD,Architectural Studies
AREN-GMAJ,Architectural Engineering
AREN-GMIN,Architectural Engineering
AREN-MARE,Architectural Engineering (Omaha Campus)
AREN-MS,Architectural Engineering
AREN-PHD,Architectural Engineering
ART-BA,Art
ART-BFA,Art
ART-GMIN,Art
ART-MAJ,Art
ART-MFA,Art
ART-MIN,Art
ART2-BSEH,Art K-12
ART2-MAJ,Art K-12
ARTH-GMAJ,Art History
ARTH-GMIN,Art History
ARTH-MA,Art History
ARTH-MIN,Art History
AS12-MIN,Animal Science
ASCI-B1AS,Animal Science
ASCI-GMAJ,Animal Science
ASCI-GMIN,Animal Science
ASCI-MIN,Animal Science
ASCI-MS,Animal Science
ASCI-PHD,Animal Science
ASDD-GCER,Autism Spectrum Disorders and Severe Disabilities
ASIA-MIN,Asian Studies
ASTA-MIN,Statistics
ATHT-BSEH,Athletic Training
ATHT-MAJ,Athletic Training
AUHS-AUD,Audiology and Hearing Science
BABUS-BSBA,Agribusiness
BABUS-MAJ,Agribusiness
BECO-MIN,Economics
BEEF-MIN,Beef Scholars
BENG-PHD,Biological Engineering
BIOC-B1BC,Biochemistry
BIOC-GMAJ,Biochemistry
BIOC-GMIN,Biochemistry
BIOC-MIN,Biochemistry
BIOC-MS,Biochemistry
BIOC-PHD,Biochemistry
BIOE-MIN,Biomedical Engineering
BIOL-BSEH,Biology
BIOL-MAJ,Biology
BIOS-BA,Biological Sciences
BIOS-BS,Biological Sciences
BIOS-GMAJ,Biological Sciences
BIOS-GMIN,Biological Sciences
BIOS-MAJ,Biological Sciences
BIOS-MIN,Biological Sciences
BIOS-MS,Biological Sciences
BIOS-PHD,Biological Sciences
BLNK-BSBA,Business Administration
BLST-MIN,Black Studies
BMIT-BSEH,"Business, Marketing and Information Technology"
BMIT-MAJ,"Business, Marketing and Information Technology"
BMKD-MIN,"Textiles, Merchandising and Fashion Design"
BMKM-MIN,"Textiles, Merchandising and Fashion Design"
BOTY-BS,Botany
BRDC-BJ,Broadcasting
BRDC-MAJ,Broadcasting
BRDC-MIN,Broadcasting
BSAD-BSBA,Business Administration
BSAD-MAJ,Business Administration
BSAN-GCER,Business Analytics
BSE-BSBS,Biological Systems Engineering
BSED-BSEH,Business Education
BSED-MAJ,Business Education
BSPC-GCER,Behavior Specialist
BUSN-GMAJ,Business
BUSN-GMIN,Business
BUSN-MA,Business
BUSN-MBA,Business
BUSN-MIN,Business
BUSN-PHD,Business
CACT-MIN,Actuarial Science
CBBI-MIN,Computational Biology & Bioinformatics
CCLD-GCER,Community College Leadership
CCRS-MIN,Conflict & Conflict Resolution Studies
CEMT-GMAJ,Construction Engineering and Management
CEMT-GMIN,Construction Engineering and Management
CEMT-MS,Construction Engineering and Management
CENG-BSCP,Computer Engineering
CERT-NDEG,Certificate
CHBE-PHD,Chemical and Biomolecular Engineering
CHEM-BA,Chemistry
CHEM-BS,Chemistry
CHEM-BSEH,Chemistry
CHEM-GMAJ,Chemistry
CHEM-GMIN,Chemistry
CHEM-MAJ,Chemistry
CHEM-MIN,Chemistry
CHEM-MS,Chemistry
CHEM-PHD,Chemistry
CHME-BSCH,Chemical Engineering
CHME-GMAJ,Chemical Engineering
CHME-GMIN,Chemical Engineering
CHME-MS,Chemical Engineering
CIVE-BSCE,Civil Engineering
CIVE-GMAJ,Civil Engineering
CIVE-GMIN,Civil Engineering
CIVE-MS,Civil Engineering
CIVE-PHD,Civil Engineering
CJ01-MIN,History
CJ02-MIN,Political Science
CJ03-MIN,Psychology
CJ04-MIN,Russian
CJ05-MIN,Sociology
CJ06-MIN,English
CJ07-MIN,Gerontology
CJ08-MIN,Philosophy
CJ09-MIN,Spanish
CJ10-MIN,Speech Communication
CJ11-MIN,"Child, Youth and Family Studies"
CLAS-MIN,Classics
CLNG-BA,Classical Languages
CLNG-MAJ,Classical Languages
CLRS-BA,Classics and Religious Studies
CLRS-BS,Classics and Religious Studies
CLRS-MAJ,Classics and Religious Studies
CMTN-MIN,Communications
CNST-BSCM,Construction Management
CNST-GMIN,Construction Management
CNST-MIN,Construction Management
COAC-MAJ,Coaching
COAC-MIN,Coaching
COEA-MAJ,Cooperative Education
COMM-BA,Communication Studies
COMM-BS,Communication Studies
COMM-GMAJ,Communication Studies
COMM-GMIN,Communication Studies
COMM-MA,Communication Studies
COMM-MAJ,Communication Studies
COMM-MIN,Communication Studies
COMM-PHD,Communication Studies
COMP-BA,Computer Science
COMP-BS,Computer Science
COMP-GMAJ,Computer Science
COMP-GMIN,Computer Science
COMP-MAJ,Computer Science
COMP-MIN,Computer Science
COMP-MS,Computer Science
COMP-PHD,Computer Science
CONE-BSCN,Construction Engineering
CONE-NDEG,Pre-Construction Engineering
CONS-MS,Construction
CRCJ-BCCJ,BS in Criminology & Criminal Justice
CRCJ-MIN,Criminology & Criminal Justice
CRIM-BSCJ,Criminal Justice
CRIM-MIN,Criminal Justice
CRPL-GMIN,Community and Regional Planning
CRPL-MCRP,Community and Regional Planning
CRPL-MIN,Community and Regional Planning
CSTD,Continuing Studies
CULS-BSEH,Nutrition & Health Sciences (Culinology Option)
CULS-MAJ,Nutrition & Health Sciences (Culinology Option)
CYAF-BSEH,"Child, Youth and Family Studies"
CYAF-GMAJ,"Child, Youth and Family Studies"
CYAF-GMIN,"Child, Youth and Family Studies"
CYAF-MAJ,"Child, Youth and Family Studies"
CYAF-MIN,"Child, Youth and Family Studies"
CYAF-MS,"Child, Youth and Family Studies"
CYAF-NDEG,"Child, Youth and Family Studies"
CYCD-BSEH,"Child, Youth and Family Studies"
CYCD-MAJ,"Child, Youth and Family Studies"
CYCD-MIN,"Child, Youth and Family Studies"
CYCE-BSEH,"Child, Youth & Family Studies"
CYEC-BSEH,"Child, Youth and Family Studies"
CYEC-MAJ,"Child, Youth and Family Studies"
CYEC-MIN,"Child, Youth and Family Studies"
CYFA-BSEH,"Child, Youth and Family Studies"
CYFA-MAJ,"Child, Youth and Family Studies"
CYFA-MIN,"Child, Youth and Family Studies"
CYFC-BSEH,"Child, Youth and Family Studies"
CYFC-MAJ,"Child, Youth and Family Studies"
CYFC-MIN,"Child, Youth and Family Studies"
CYFJ-BSEH,"Child, Youth and Family Studies"
CYFJ-MAJ,"Child, Youth and Family Studies"
CYFJ-MIN,"Child, Youth and Family Studies"
CYMI-MIN,"Child, Youth and Family Studies"
CZCH-MIN,Czech
DANC-BA,Dance
DANC-MAJ,Dance
DANC-MIN,Dance
DENT-BA,Dentistry
DENT-BS,Dentistry
DIET-BSEH,Nutrition and Health Sciences (Nutrition and Dietetics Option)
DIET-MAJ,Nutrition and Health Sciences (Nutrition and Dietetics Option)
DIGH-GCER,Digital Humanities
DIGH-MIN,Digital Humanities
DPHP-DPLH,Plant Health
DRAM-BSEH,"Speech, Drama and English"
DRAM-MAJ,"Speech, Drama and English"
DVOC-MAJ,Cooperative Education
EAE1-MIN,Agribusiness Entrepreneurship
EAE2-MIN,Agribusiness Entrepreneurship
ECED-BSEH,Elementary Educ and Early Childhood Education
ECED-MAJ,Elementary Educ and Early Childhood Education
ECON-BSBA,Economics
ECON-GMAJ,Economics
ECON-GMIN,Economics
ECON-MA,Economics
ECON-MAJ,Economics
ECON-PHD,Economics
ECSE-GCER,Early Childhood Special Education
ECZE-MIN,Czech
EDAD-GMAJ,Educational Administration
EDAD-GMIN,Educational Administration
EDAD-MA,Educational Administration
EDAD-MED,Educational Administration
EDAS-SXCT,Educational Administration and Supervision
EDJT-EDD,Educational Administration (UNL-UNO)
EDPS-EDS,Educational Psychology
EDPS-GMAJ,Educational Psychology
EDPS-GMIN,Educational Psychology
EDPS-MA,Educational Psychology
EDPS-MA2,Educational Psychology
EDUC-MIN,Education
EDUS-EDD,Educational Studies
EDUS-PHD,Educational Studies
EENGL-BSED,English
EENGL-BSEH,English
EFRE-MIN,French
EFREN-BSEH,French
EFREN-MAJ,French
EGBS-MIN,General Business
EGER-MIN,German
EGERM-BSEH,German
EGERM-MAJ,German
EINT-BS,Interdisciplinary Studies
EJBU-MIN,Business
EJPN-MIN,Japanese
EJRN-MAJ,Journalism Grades 7-12
ELAT-BSEH,English Language Arts
ELAT-MAJ,English Language Arts
ELATN-BSEH,Latin
ELATN-MAJ,Latin
ELATN-MIN,Latin
ELEC-BSEE,Electrical Engineering
ELEC-GMAJ,Electrical Engineering
ELEC-GMIN,Electrical Engineering
ELEC-MS,Electrical Engineering
ELEC-PHD,Electrical Engineering
ELED-BSEH,Elementary Education
ELED-MAJ,Elementary Education
ELFR-BSEH,Elementary Education and French K-6
ELFR-MAJ,Elementary Education and French K-6
ELGR-BSEH,Elementary Education and German K-6
ELGR-MAJ,Elementary Education and German K-6
ELIT-GCER,Early Literacy
ELPE-BSEH,Elementary Education-Physical Education K-6
ELPE-MAJ,Elementary Education-Physical Education K-6
ELSN-BSEH,Elementary Education and Spanish K-6
ELSN-MAJ,Elementary Education and Spanish K-6
EMAT-MIN,Mathematics
EMATH-BSEH,Mathematics
EMATH-MAJ,Mathematics
EMGT-GMAJ,Engineering Management
EMGT-GMIN,Engineering Management
EMGT-MEGM,Engineering Management
ENED-MIN,Environmental Education
ENGL-BA,English
ENGL-BS,English
ENGL-GMAJ,English
ENGL-GMIN,English
ENGL-MA,English
ENGL-MAJ,English
ENGL-MIN,English
ENGL-PHD,English
ENGM-MIN,Engineering Mechanics
ENGR-GMIN,Engineering
ENGR-MENG,Engineering
ENGR-PHD,Engineering
ENRS-B1ER,Environmental Restoration Science
ENRS-MIN,Environmental Restoration Science
ENSC-MIN,Energy Science
ENTO-GMAJ,Entomology
ENTO-GMIN,Entomology
ENTO-MIN,Entomology
ENTO-MS,Entomology
ENTO-PHD,Entomology
ENVE-GMAJ,Environmental Engineering
ENVE-GMIN,Environmental Engineering
ENVE-MS,Environmental Engineering
ENVR-B1ES,Environmental Studies
ENVR-MIN,Environmental Studies
EPHYS-BSEH,Physics
EPHYS-MAJ,Physics
EPPT-NDEG,Pre-Physical Therapy
ERSS-BSEH,Earth and Space Science 7-12
ERSS-MAJ,Earth and Space Science 7-12
ERUS-MIN,Russian
ERUSS-BSEH,Russian
ERUSS-MAJ,Russian
ESPA-MIN,Spanish
ESPAN-BSEH,Spanish
ESPAN-MAJ,Spanish
ESPC-MAJ,Speech Grades 7-12
ETHN-BA,Ethnic Studies
ETHN-BS,Ethnic Studies
ETHN-MAJ,Ethnic Studies
ETHN-MIN,Ethnic Studies
ETHR-MAJ,Theatre Grades 7-12
EURO-MAJ,European Studies
EXCG-NDEG,Exchange Student
EXPS-NDEG,General - CASNR
FA001-MAJ,Art
FA002-MAJ,Art History and Criticism
FA003-MAJ,Music
FA004-MAJ,Theatre
FA005-MAJ,Theatre
FA006-MAJ,Dance
FA007-MAJ,Theatre
FA008-MAJ,Theatre
FACS-MIN,Family and Consumer Sciences
FD12-MIN,Food Science and Technology
FDSD-GCER,Food Safety and Defense
FDST-B1FS,Food Science and Technology
FDST-GMAJ,Food Science and Technology
FDST-GMIN,Food Science and Technology
FDST-MIN,Food Science and Technology
FDST-MS,Food Science and Technology
FDST-PHD,Food Science and Technology
FEWS-MIN,"Food, Energy and Water in Society"
FFPL-GCER,Family Financial Planning
FHOC-GCER,Financial and Housing Counseling
FILM-BA,Film Studies
FILM-BS,Film Studies
FILM-MAJ,Film Studies
FILM-MIN,Film Studies
FINA-BSBA,Finance
FINA-MAJ,Finance
FINA-MIN,Finance
FINB-BSBA,Finance (Banking & Financial Institutions)
FINB-MAJ,Finance (Banking & Financial Institutions)
FINC-BSBA,Finance (Banking & Risk Management)
FINC-MAJ,Finance (Banking & Risk Management)
FINI-BSBA,Finance (CFA-Investments)
FINI-MAJ,Finance (CFA-Investments)
FINR-BSBA,Finance (Risk Management & Insurance)
FINR-MAJ,Finance (Risk Management &Insurance)
FINT-BA,Interdisciplinary Studies
FNPM-GCER,Floriculture and Nursery Production Management
FORS-B1FO,Forensic Science
FREN-BA,French
FREN-BS,French
FREN-MAJ,French
FREN-MIN,French
FRFL-BSEH,French 7-12 and French K-6
FRFL-MAJ,French 7-12 and French K-6
FTCA-B1FC,Food Technology for Companion Animals
FUSTD-BA,University Studies
FUSTD-MAJ,University Studies
FUSTD-MIN,University Studies
FWL-B1FW,Fisheries and Wildlife
FWL-MAJ,Fisheries and Wildlife
FWL-MIN,Fisheries and Wildlife
GECM-B1GE,Grassland Ecology and Management
GECM-MIN,Grassland Ecology and Management
GEOG-BA,Geography
GEOG-BS,Geography
GEOG-GMAJ,Geography
GEOG-GMIN,Geography
GEOG-MA,Geography
GEOG-MAJ,Geography
GEOG-MIN,Geography
GEOG-PHD,Geography
GEOL-BA,Geology
GEOL-BS,Geology
GEOL-MAJ,Geology
GEOL-MIN,Geology
GEOS-GMAJ,Earth and Atmospheric Sciences
GEOS-GMIN,Earth and Atmospheric Sciences
GEOS-MS,Earth and Atmospheric Sciences
GEOS-PHD,Earth and Atmospheric Sciences
GERM-BA,German
GERM-BS,German
GERM-MAJ,German
GERM-MIN,German
GERO-MIN,Gerontology
GISC-GCER,Geographic Information Science
GLST-BA,Global Studies
GLST-BS,Global Studies
GLST-MAJ,Global Studies
GLST-MIN,Global Studies
GPSP-BA,Great Plains Studies Program
GPSP-BS,Great Plains Studies Program
GPSP-MAJ,Great Plains Studies Program
GPSP-MIN,Great Plains Studies Program
GREK-BA,Greek
GREK-BS,Greek
GREK-MAJ,Greek
GREK-MIN,Greek
GRFL-BSEH,German 7-12 and German K-6
GRFL-MAJ,German 7-12 and German K-6
GRLS-B1GL,Grazing Livestock Systems
GRLS-MIN,Grazing Livestock Systems
GRSM-GCER,Grassland Management
GSST-MIN,Global Security Studies
GVST-NDEG,Graduate Visiting Consortium
GVSTG-NDEG,Visiting
HIN2-MIN,International Studies
HINS-MIN,International Studies
HIST-BA,History
HIST-BS,History
HIST-GMAJ,History
HIST-GMIN,History
HIST-MA,History
HIST-MAJ,History
HIST-MIN,History
HIST-PHD,History
HLTH-BSEH,Health Education
HLTH-MAJ,Health Education
HMED-MIN,Humanities in Medicine
HMKT-MIN,Marketing
HORT-B1HO,Horticulture
HORT-GMAJ,Horticulture
HORT-GMIN,Horticulture
HORT-MAJ,Horticulture
HORT-MIN,Horticulture
HORT-MS,Horticulture
HPED-BSEH,Health and Physical Education K-12
HPED-MAJ,Health and Physical Education K-12
HRHD-MIN,Human Rights and Humanitarian Affairs
HRTA-B1HR,"Hospitality, Restaurant and Tourism Management"
HRTA-BAHR,"Hospitality, Restaurant and Tourism Management"
HRTA-MIN,"Hospitality, Restaurant and Tourism Management"
HRTM-BAHR,"Hospitality, Restaurant and Tourism Management"
HRTM-BHRT,"Hospitality, Restaurant and Tourism Management"
HRTM-MIN,"Hospitality, Restaurant and Tourism Management"
HTED-MAJ,Horticulture Education (7-12)
HUMS-EDD,Human Sciences
HUMS-PHD,Human Sciences
IANR-MIN,International Agriculture and Natural Resources
IBED-GCER,Insect Biology for Educators
IBMS-PHD,Integrative Biomedical Sciences
IBUS-BSBA,International Business
IBUS-MAJ,International Business
IBUS-MIN,International Business
IDES-BSD,Interior Design
IE12-MIN,International Engineering
IENG-MIN,International Engineering
IMSE-GMAJ,Industrial & Management Systems Engineering
IMSE-GMIN,Industrial & Management Systems Engineering
IMSE-MS,Industrial & Management Systems Engineering
INDE-GMIN,Industrial Engineering
INEG-NDEG,
INFM-MIN,Informatics
INFT-MAJ,Information Technology
INFT-PHD,Information Technology
INLS-DOC,Interdisciplinary Life Sciences
INSC-B1IS,Insect Science
INSC-MIN,Insect Science
INTA-BA,International Affairs
INTT-NDEG,Credit IEP Program
IPST-BA,Individualized Program of Studies
IPST-BS,Individualized Program of Studies
IPST-MAJ,Individualized Program of Studies
IPST-MIN,Individualized Program of Studies
ISDD-GCER,"Intellectual, Sensory and Developmental Disabilities"
ITAL-MIN,Italian
ITSC-B1IN,Integrated Science
JAMC-GMAJ,Journalism and Mass Communications
JAMC-GMIN,Journalism and Mass Communications
JAMC-MA,Journalism and Mass Communications
JAPN-MIN,Japanese
JEAC-BSBA,Accounting
JEAC-MAJ,Accounting
JEAS-BSBA,Actuarial Science
JEAS-MAJ,Actuarial Science
JEBA-BSBA,Business Administration
JEBA-MAJ,Business Administration
JECS-MIN,Computer Science
JEEC-BSBA,Economics
JEEC-MAJ,Economics
JEFC-BSBA,Finance (Banking & Risk Management)
JEFC-MAJ,Finance (Banking & Risk Management)
JEFI-BSBA,Finance (CFA-Investments)
JEFI-MAJ,Finance (CFA-Investments)
JEFN-BSBA,Finance
JEFN-MAJ,Finance
JEIB-BSBA,International Business
JEIB-MAJ,International Business
JEME-BSBA,Management (Entrepreneurship & Innovation)
JEME-MAJ,Management (Entrepreneurship & Innovation)
JEMH-BSBA,Management (Human Resource Management)
JEMH-MAJ,Management (Human Resource Management)
JEMK-BSBA,Marketing
JEMK-MAJ,Marketing
JEML-BSBA,Management (Leadership in Organizations)
JEML-MAJ,Management (Leadership in Organizations)
JEMN-BSBA,Management
JEMN-MAJ,Management
JESC-BSBA,Supply Chain Management
JESC-MAJ,Supply Chain Management
JOUR-BJ,Journalism
JOUR-MAJ,Journalism
JWST-MIN,Jewish Studies
K3MS-GCER,K-3 Mathematics Specialist
KG-NDEG,Intercampus - Kearney Graduate
KUG-NDEG,Intercampus - Kearney Undergraduate
LAMS-BA,Latin American Studies
LAMS-BS,Latin American Studies
LAMS-MAJ,Latin American Studies
LAMS-MIN,Latin American Studies
LAND-BLA,Landscape Architecture
LAND-MIN,Landscape Architecture
LARS-BSD,Landscape Architectural Studies
LATN-BA,Latin
LATN-BS,Latin
LATN-MAJ,Latin
LATN-MIN,Latin
LATS-MIN,US Latina/Latino Studies
LAW-BA,Law
LAW-BS,Law
LAW-JD,Law
LAW-NDEG,Law (Non-Degree)
LE12-MIN,Leadership and Communication
LEAD-MIN,Leadership and Communication
LEED-GMAJ,Leadership Education
LEED-GMIN,Leadership Education
LEED-MS,Leadership Education
LENT-MIN,Leadership and Entrepreneurship
LGLS-GMIN,Legal Studies
LGLS-MLS,Legal Studies
LNGC-NDEG,
LOGS-GCER,Logistics
MATH-BA,Mathematics
MATH-BS,Mathematics
MATH-GMAJ,Mathematics
MATH-GMIN,Mathematics
MATH-MA,Mathematics
MATH-MAJ,Mathematics
MATH-MAT,Mathematics
MATH-MIN,Mathematics
MATH-MS,Mathematics
MATH-MSCT,Mathematics
MATH-PHD,Mathematics
MBIO-B1MB,Microbiology
MBIO-BS,Microbiology
MBIO-MAJ,Microbiology
MCG-NDEG,Intercampus - Med Center Graduate
MCUG-NDEG,Intercampus - Med Center Undergraduate
MEAM-GMAJ,Mechanical Engineering and Applied Mechanics
MEAM-GMIN,Mechanical Engineering and Applied Mechanics
MEAM-MS,Mechanical Engineering and Applied Mechanics
MEAM-PHD,Mechanical Engineering and Applied Mechanics
MECH-BSME,Mechanical Engineering
MED-BA,Medicine
MED-BS,Medicine
METR-BS,Meteorology-Climatology
METR-MAJ,Meteorology-Climatology
METR-MIN,Meteorology-Climatology
MFTH-GCER,Medical/Family Therapy
MINS-MIN,Music Instrumental
MLLD-MIN,Military Leadership
MLSC-MIN,Military Science
MMRS-GCER,Mixed Methods Research
MNEI-BSBA,Management (Entrepreneurship & Innovation)
MNEI-MAJ,Management (Entrepreneurship & Innovation)
MNGT-BSBA,Management
MNGT-GMIN,Management
MNGT-MAJ,Management
MNGT-MIN,Management
MNHR-BSBA,Management (Human Resource Management)
MNHR-MAJ,Management (Human Resource Management)
MNLO-BSBA,Management (Leadership in Organizations)
MNLO-MAJ,Management (Leadership in Organizations)
MODL-GMAJ,Modern Languages and Literatures
MODL-GMIN,Modern Languages and Literatures
MODL-MA,Modern Languages and Literatures
MODL-PHD,Modern Languages and Literatures
MRKT-BSBA,Marketing
MRKT-GMIN,Marketing
MRKT-MAJ,Marketing
MRKT-MIN,Marketing
MRST-BA,Medieval and Renaissance Studies
MRST-BS,Medieval and Renaissance Studies
MRST-GMIN,Medieval and Renaissance Studies
MRST-MAJ,Medieval and Renaissance Studies
MRST-MIN,Medieval and Renaissance Studies
MS12-MIN,Mechanized Systems Management
MSYM-B1MS,Mechanized Systems Management
MSYM-GMAJ,Mechanized Systems Management
MSYM-GMIN,Mechanized Systems Management
MSYM-MIN,Mechanized Systems Management
MSYM-MS,Mechanized Systems Management
MUED-BMED,Music Education
MUSC-BA,Music
MUSC-BM,Music
MUSC-DMA,Music
MUSC-GMIN,Music
MUSC-MAJ,Music
MUSC-MIN,Music
MUSC-MM,Music
MUSC-PHD,Music
MUSE-GCER,Music Entrepreneurship
MUST-MIN,Music Technology
MUTM-MIN,Musical Theatre
MUTT-MIN,Musical Theatre
NAEC-MIN,Natural Resource Economics
NAST-MIN,Native American Studies
NEHS-BSEH,"Nutrition and Health Sciences (Nutrition, Exercise & Health Science Option)"
NEHS-MAJ,"Nutrition and Health Sciences (Nutrition, Exercise & Health Science Option)"
NREE-B1NE,Natural Resource and Environmental Economics
NRSC-GMAJ,Natural Resource Sciences
NRSC-GMIN,Natural Resource Sciences
NRSC-MS,Natural Resource Sciences
NRSC-PHD,Natural Resource Sciences
NSST-MIN,National Security Studies
NTRN-GMAJ,Nutrition
NTRN-GMIN,Nutrition
NTRN-MS,Nutrition
NTRN-PHD,Nutrition
NTRS-BSEH,Nutrition and Health Sciences (Nutrition Science Option)
NTRS-MAJ,Nutrition and Health Sciences (Nutrition Science Option)
NTSC-BSEH,Natural Science
NUHS-GMAJ,Nutrition and Health Sciences
NUHS-GMIN,Nutrition and Health Sciences
NUHS-MS,Nutrition and Health Sciences
NUTR-BSEH,Nutritional and Health Sciences
NUTR-MAJ,Nutritional and Health Sciences
NUTR-NDEG,Nutritional and Health Sciences
OG-NDEG,Intercampus - Omaha Graduate
ORLT-GCER,"Ornamentals, Landscape and Turf"
OUG-NDEG,Intercampus - Omaha Undergraduate
P001-NDEG,Pre Art K-12
P002-NDEG,Pre Biology
P004-NDEG,Pre Chemistry
P005-NDEG,Pre Coaching (Endorsement)
P006-NDEG,Pre Information Technology (Endorsement)
P007-NDEG,Pre Earth Science
P009-NDEG,Pre Elementary Education
P011-NDEG,Pre Elementary Educ & Early Childhood Educ
P012-NDEG,Pre Elementary Education & French K-6
P013-NDEG,Pre Elementary Education & German K-6
P014-NDEG,Pre Elementary Education & Spanish K-6
P015-NDEG,Pre Elementary Education-PE K-6
P016-NDEG,Pre English
P017-NDEG,Pre French
P018-NDEG,Pre French 7-12 & French K-6
P020-NDEG,Pre German
P021-NDEG,Pre German 7-12 & German K-6
P022-NDEG,Pre Health Education
P023-NDEG,Pre Health Education & PE K-12
P025-NDEG,Pre History
P028-NDEG,Pre Latin
P029-NDEG,Pre Marketing Education & Basic Business
P030-NDEG,Pre Mathematics
P031-NDEG,Pre Middle Grades Education
P032-NDEG,Pre Natural Science
P033-NDEG,Pre Physical Education 7-12
P034-NDEG,Pre Physical Educ K-6 & 7-12
P036-NDEG,Pre Physics
P039-NDEG,Pre ESL
P040-NDEG,Pre Russian
P041-NDEG,Pre Social Science
P042-NDEG,Pre Spanish
P043-NDEG,Pre Spanish 7-12 & Spanish K-6
P045-NDEG,"Pre Speech, Drama & English"
P046-NDEG,Pre Speech-Language Pathology
P050-NDEG,Pre Inclusive Early Childhood Education
P054-NDEG,Pre Cooperative Education
P056-NDEG,Pre Family & Consumer Science Educ
P058-NDEG,Pre Mild/Moderate & Hard of Hearing
P061-NDEG,"Pre Business, Marketing & Information Technology"
P062-NDEG,Pre Science 7-12
P063-NDEG,Pre Earth & Space Science 7-12
P064-NDEG,Pre Elementary Education & Special Education (K-6)
P065-NDEG,Pre Special Education (7-12)
P066-NDEG,Pre English Language Arts
P067-NDEG,Pre Secondary English 7-12
P068-NDEG,Pre Journalism Grades 7-12
P069-NDEG,Pre Speech Grades 7-12
P070-NDEG,Pre Theatre Grades 7-12
PACC-NDEG,Pre-Accounting
PAEV-GCER,Policy Analysis and Evaluation
PAEV-MIN,Policy Analysis and Evaluation
PARC-NDEG,Pre-Architecture
PARE-NDEG,Pre-Architectural Engineering
PAVN-NDEG,Pre-Aviation Studies
PBAC-ACER,Admin/Added Endorsements
PBAC-NDEG,Post-Baccalaureate
PBAC-TCER,Initial Teacher Certification
PBIO-B1PB,Plant Biology
PBIO-BA,Plant Biology
PBIO-BS,Plant Biology
PBIO-MAJ,Plant Biology
PBIO-MIN,Plant Biology
PCCJ-NDEG,Pre Criminology & Criminal Justice
PCHR-NDEG,Pre-Chiropractic
PCYT-NDEG,Pre-Cytotechnology
PDAN-ADM,Pre-Dance
PDHY-NDEG,Pre-Dental Hygiene
PDNT-NDEG,Pre-Dentistry
PE1-BSEH,Physical Education K-6 and 7-12
PE1-MAJ,Physical Education K-6 and 7-12
PE2-BSEH,Physical Education 7-12
PE2-MAJ,Physical Education 7-12
PEDU-NDEG,Pre-Education
PEEL-NDEG,Pre-Electronics Engineering
PENG-NDEG,Pre-Engineering
PFOR-NDEG,Pre-Forestry
PGAM-B1PM,PGA Golf Management
PHAO-BS,Physics(Astronomy Option)
PHIL-BA,Philosophy
PHIL-BS,Philosophy
PHIL-GMAJ,Philosophy
PHIL-GMIN,Philosophy
PHIL-MA,Philosophy
PHIL-MAJ,Philosophy
PHIL-MIN,Philosophy
PHIL-PHD,Philosophy
PHLT-NDEG,Pre-Health
PHRM-BA,Pharmacy
PHRM-BS,Pharmacy
PHSC-BSEH,Physical Science
PHYA-GMAJ,Physics and Astronomy
PHYA-GMIN,Physics and Astronomy
PHYA-MS,Physics and Astronomy
PHYA-PHD,Physics and Astronomy
PHYS-BA,Physics
PHYS-BS,Physics
PHYS-GMIN,Physics
PHYS-MAJ,Physics
PHYS-MIN,Physics
PINT-NDEG,Pre-Interior Design
PLAR-NDEG,Pre-Landscape Architecture
PLAW-NDEG,Pre-Law
PMED-NDEG,Pre-Medicine
PMSC-NDEG,Pre-Mortuary Science
PMT-NDEG,Pre-Clinical Laboratory Science
PMUE-ADM,Pre-Music Education
PMUS-ADM,Pre-Music
PNMT-NDEG,Pre-Nuclear Medical Technology
PNRS-NDEG,Pre-Nursing
POCT-NDEG,Pre-Occupational Therapy
POLS-BA,Political Science
POLS-BS,Political Science
POLS-GMAJ,Political Science
POLS-GMIN,Political Science
POLS-MA,Political Science
POLS-MAJ,Political Science
POLS-MIN,Political Science
POLS-PHD,Political Science
POPT-NDEG,Pre-Optometry
PORT-MIN,Portuguese
PPA-NDEG,Pre-Physician's Assistant
PPHM-NDEG,Pre-Pharmacy
PPSC-NDEG,Pre-Clinical Perfusion Science
PPT-NDEG,Pre-Physical Therapy
PRDA-MIN,Product Design
PRDF-MIN,Product Design
PRT-NDEG,Pre-Radiation Science Technology
PSYC-BA,Psychology
PSYC-BS,Psychology
PSYC-GMAJ,Psychology
PSYC-GMIN,Psychology
PSYC-MA,Psychology
PSYC-MAJ,Psychology
PSYC-MIN,Psychology
PSYC-PHD,Psychology
PSYE-PHD,Psychological Studies in Education
PTHE-ADM,Pre-Theatre
PVET-NDEG,Pre-Veterinary Medicine
QLTS-GCER,Quilt Studies
QQPM-GMIN,"Quantitative, Qualitative and Psychometric Methods"
RELG-MIN,Religious Studies
RINR-GCER,Response to Intervention: Reading
ROBE-MIN,Robotics Engineering
RUSS-BA,Russian
RUSS-BS,Russian
RUSS-MAJ,Russian
RUSS-MIN,Russian
SCIE-BSEH,Science 7-12
SCIE-MAJ,Science 7-12
SCMS-BSBA,Supply Chain Management
SCMS-GCER,Supply Chain Management Systems
SCMS-MAJ,Supply Chain Management
SCMS-MIN,Supply Chain Management
SCTL-LLM,"Space, Cyber and Telecommunications Law"
SDIS-GCER,Sensory Disabilities
SECD-EDS,Special Education & Communication Disorders
SENG-BSEH,Secondary English Grades 7-12
SENG-MAJ,Secondary English Grades 7-12
SLAW-JSD,Space Law
SLPA-BA,Speech-Language Pathology & Audiology
SLPA-BS,Speech-Language Pathology & Audiology
SLPA-GMAJ,Speech-Language Pathology & Audiology
SLPA-GMIN,Speech-Language Pathology & Audiology
SLPA-MAJ,Speech-Language Pathology & Audiology
SLPA-MS,Speech-Language Pathology & Audiology
SOCI-BA,Sociology
SOCI-BS,Sociology
SOCI-GMAJ,Sociology
SOCI-GMIN,Sociology
SOCI-MA,Sociology
SOCI-MAJ,Sociology
SOCI-MIN,Sociology
SOCI-PHD,Sociology
SOCW-BSSW,Social Work
SPAN-BA,Spanish
SPAN-BS,Spanish
SPAN-GMIN,Spanish
SPAN-MAJ,Spanish
SPAN-MIN,Spanish
SPED-GMAJ,Special Education
SPED-GMIN,Special Education
SPED-MA,Special Education
SPED-MED,Special Education
SPEN-BSEH,Speech and English
SPFL-BSEH,Spanish 7-12 and Spanish K-6
SPFL-MAJ,Spanish 7-12 and Spanish K-6
SPLP-BSEH,Speech-Language Pathologist
SPLP-MAJ,Speech-Language Pathologist
SPM3-BSEH,Elementary Ed & Spcl Ed-Mild/Mod Disabilities K-9
SPM3-MAJ,Elementary Ed & Spcl Ed-Mild/Mod Disabilities K-9
SPM5-BSEH,Special Education-Mild/Moderate Disabilities K-9
SPM5-MAJ,Special Education-Mild/Moderate Disabilities K-9
SPM7-BSEH,Elementary Education and Special Education (K-6)
SPM7-MAJ,Elementary Education and Special Education (K-6)
SPM8-BSEH,Special Education (7-12)
SPM8-MAJ,Special Education (7-12)
SRAM-GMAJ,Survey Research and Methodology
SRAM-GMIN,Survey Research and Methodology
SRAM-MS,Survey Research and Methodology
SRAM-PHD,Survey Research and Methodology
SSCI-BSEH,Social Science
SSCI-MAJ,Social Science
STAT-GMAJ,Statistics
STAT-GMIN,Statistics
STAT-MS,Statistics
STAT-PHD,Statistics
STED-GMIN,College STEM Education
SURM-GCER,Survey Research and Methodology
SWDV-MIN,Software Development
SXST-MIN,Sexuality Studies
TCOM-BSEH,"Textiles, Merchandising and Fashion Design (Communications)"
TCOM-MAJ,"Textiles, Merchandising and Fashion Design (Communications)"
TDES-BSEH,"Textiles, Merchandising and Fashion Design (Textile and Apparel Design)"
TDES-MAJ,"Textiles, Merchandising and Fashion Design (Textile and Apparel Design)"
TDMT-BA,Theatre
TDMT-MAJ,Theatre
TDMT-MIN,Theatre
TEAC-GMAJ,"Teaching, Learning and Teacher Education"
TEAC-GMIN,"Teaching, Learning and Teacher Education"
TEAC-MA,"Teaching, Learning and Teacher Education"
TEAC-MED,"Teaching, Learning and Teacher Education"
TEAC-MST,"Teaching, Learning and Teacher Education"
TED-BSEH,Technical Education
TED-MAJ,Technical Education
TELE-GMAJ,Telecommunications Engineering
TELE-GMIN,Telecommunications Engineering
TELE-MS,Telecommunications Engineering
TESO-GCER,Teaching English to Speakers of Other Languages
TFNM-BFA,Theatre
TFNM-MAJ,Theatre
THEA-BFA,Theatre Arts
THEA-GMIN,Theatre Arts
THEA-MFA,Theatre Arts
THEA-MIN,Theatre Arts
TLMT-B1TL,Turfgrass and Landscape Management
TLMT-MIN,Turfgrass and Landscape Management
TMER-BSEH,"Textiles, Merchandising and Fashion Design (Merchandising)"
TMER-MAJ,"Textiles, Merchandising and Fashion Design (Merchandising)"
TMFD-GMAJ,"Textiles, Merchandising and Fashion Design"
TMFD-GMIN,"Textiles, Merchandising and Fashion Design"
TMFD-MA,"Textiles, Merchandising and Fashion Design"
TMFD-MIN,"Textiles, Merchandising and Fashion Design"
TMFD-MS,"Textiles, Merchandising and Fashion Design"
TOPS-GCER,Transdisciplinary Childhood Obesity Prevention
TPER-BA,Theatre
TPER-MAJ,Theatre
TPER-MIN,Theatre
TPRO-BA,Theatre
TPRO-MAJ,Theatre
TPRO-MIN,Theatre
TSCI-BSEH,"Textiles, Merchandising and Fashion Design (Textile Science)"
TSCI-MAJ,"Textiles, Merchandising and Fashion Design (Textile Science)"
TTDE-BFA,Theatre
TUG-NDEG,Intercampus - NCTA Undergraduate
TWRT-GCER,Teaching of Writing
TXCD-BSEH,"Textiles, Clothing and Design"
TXCD-MAJ,"Textiles, Clothing and Design"
UNDL-NDEG,Undeclared - Undergraduate
USLS-LLM,U S Legal Studies
UVST-NDEG,UG Visiting Consortium
VBMS-B1VS,Veterinary Science
VBMS-MIN,Veterinary Science
VETH-B1VT,Veterinary Technology
VETS-GMAJ,Veterinary Science
VETS-GMIN,Veterinary Science
VETS-MS,Veterinary Science
VMED-DVM,Veterinary Medicine
VOCS-MAJ,Vocational Special Needs
VSTG-NDEG,Visiting
WATR-B1WS,Water Science
WATR-MIN,Water Science
WGST-BA,Women's & Gender Studies
WGST-BS,Women's & Gender Studies
WGST-GMIN,Women's & Gender Studies
WGST-MAJ,Women's & Gender Studies
WGST-MIN,Women's & Gender Studies
WRPM-GMIN,Water Resources Planning and Management
WRPM-MIN,Water Resources Planning and Management
YTHD-GCER,Youth Development